2686378011 , Beer Keg Refrigerators
2632820011 , Appliance Services
2242350011 , Appliance Warranties
3741441 , Range Hoods
3741261 , Cooktops
3741521 , Wine Cellars
678542011 , Compact Refrigerators
3741481 , Wall Ovens
3741271 , Dishwashers
3741181 , Parts & Accessories
680343011 , Garbage Disposals
3741361 , Refrigerators
510106 , Vacuums & Floor Care
2383576011 , Washers & Dryers
2686328011 , Beverage Refrigerators
3737671 , Air Conditioners
289913 , Small Appliances
289935 , Microwave Ovens
267554011 , Air Purifiers
2399939011 , Ice Makers
510240 , Irons, Steamers & Accessories
267555011 , Humidifiers
3741411 , Ranges
3741451 , Trash Compactors
2399955011 , Warming Drawers
3737601 , Fans
495362 , Ceiling Fans & Accessories
3741331 , Freezers
12898451 , Printmaking
12897011 , Furniture & Accessories
262625011 , Yarn
723469011 , Party Decorations & Supplies
2747968011 , Art Supplies
2237594011 , Organization & Storage
12897331 , Thread
12896361 , Cases & Transport
12898411 , Photography
262680011 , Fabric Care
12897221 , Knitting & Crochet
12899121 , Fabric
378733011 , Craft Supplies
12898821 , Scrapbooking
12899091 , Sewing
12896081 , Beading & Jewelry-Making
12898721 , Safety & Cleaning
2237329011 , Needlework
12896841 , Fabric Painting & Dyeing
2230642011 , Car Electronics & Accessories
15709231 , Paint, Body & Trim
2204830011 , Automotive Enthusiast Merchandise
15857511 , Exterior Accessories
15857501 , Interior Accessories
15718791 , Oils & Fluids
15706941 , Tools & Equipment
346333011 , Motorcycle & Powersports
15719731 , Replacement Parts
15710351 , Performance Parts & Accessories
15706571 , Tires & Wheels
15718271 , Car Care
15736321 , Lights & Lighting Accessories
2258019011 , RV Parts & Accessories
166856011 , Health & Baby Care
166804011 , Pregnancy & Maternity
239226011 , Gifts
166842011 , Strollers
405369011 , Baby Stationery
166887011 , Potty Training
166764011 , Diapering
166777011 , Feeding
166736011 , Bathing & Skin Care
166828011 , Gear
196601011 , Baby & Toddler Toys
695338011 , Nursery
166835011 , Car Seats & Accessories
166863011 , Safety
11056591 , Fragrance
11062741 , Tools & Accessories
11057241 , Hair Care
11060451 , Skin Care
11058281 , Makeup
11055991 , Bath & Body
4366 , Comics & Graphic Novels
86 , Humor & Entertainment
301889 , Gay & Lesbian
26 , Sports & Outdoors
27 , Travel
20 , Parenting & Relationships
21 , Reference
48 , Crafts, Hobbies & Home
23 , Romance
173514 , Medical Books
12290 , Christian Books & Bibles
28 , Teen & Young Adult
1 , Arts & Photography
3 , Business & Money
2 , Biographies & Memoirs
5 , Computers & Technology
4 , Children's Books
6 , Cookbooks, Food & Wine
9 , History
8975347011 , Education & Teaching
3248857011 , Calendars
25 , Science Fiction & Fantasy
3377866011 , Politics & Social Sciences
75 , Science & Math
10 , Health, Fitness & Dieting
4736 , Self-Help
22 , Religion & Spirituality
17 , Literature & Fiction
173507 , Engineering & Transportation
10777 , Law
18 , Mystery, Thriller & Suspense
2231705011 , Gospel
84 , Opera & Vocal
85 , Classical
289122 , Latin Music
42 , Soundtracks
40 , Rock
372989011 , Vinyl
67204 , Classic Rock
7 , Dance & Electronic
67207 , Hard Rock & Metal
265640 , Broadway & Vocalists
266023 , Indie Music
39 , R&B
38 , Rap & Hip-Hop
173429 , Christian
16 , Country
173425 , Children's Music
32 , Folk
31 , Blues
30 , Alternative Rock
37 , Pop
36 , New Age
35 , Miscellaneous
34 , Jazz
33 , World Music
9003130011 , Collectible Coins
3250697011 , Sports
5088769011 , Entertainment
6685269011 , Fine Art
2649512011 , Movies
2649513011 , TV
3248684011 , Car & Vehicle Electronics
7926841011 , Video Game Consoles & Accessories
2642125011 , eBook Readers & Accessories
502394 , Camera & Photo
281407 , Accessories & Supplies
172526 , GPS & Navigation
16285901 , Service & Replacement Plans
524136 , Security & Surveillance
172623 , Portable Audio & Video
2242348011 , Electronics Warranties
541966 , Computers & Accessories
2811119011 , Cell Phones & Accessories
1266092011 , Television & Video
172574 , Office Electronics
667846011 , Home Audio
16310231 , Beverages
16310221 , Cooking & Baking
16322461 , Candy & Chocolate
16323111 , Baby Foods
16310251 , Breakfast Foods
6461478011 , Canned, Dry & Packaged Foods
2983386011 , Wine
2255571011 , Gourmet Gifts
16322721 , Snack Foods
3745171 , Fresh Flowers & Live Indoor Plants
6973663011 , Sports Nutrition
723418011 , Stationery & Party Supplies
3777891 , Personal Care
15342811 , Household Supplies
3764441 , Vitamins & Dietary Supplements
3775161 , Medical Supplies & Equipment
3760941 , Health Care
10787321 , Baby & Child Care
3777371 , Sexual Wellness
495224 , Lighting & Ceiling Fans
228899 , Painting Supplies & Wall Treatments
328182011 , Power & Hand Tools
3180231 , Safety & Security
13397451 , Appliances
551240 , Building Supplies
3754161 , Kitchen & Bath Fixtures
511228 , Hardware
322525011 , Light Bulbs
495266 , Electrical
13749581 , Rough Plumbing
13400631 , Storage & Home Organization
154606011 , Kindle eBooks
6118587011 , Kindle Worlds
2486013011 , Kindle Singles
165389011 , Kindle Newspapers
370783011 , Kindle Accessories
241647011 , Kindle Blogs
241646011 , Kindle Magazines
2102313011 , Kindle Devices
8584457011 , Kindle Short Reads
1063236 , Bath
3206325011 , Kids' Home Store
1063252 , Bedding
284507 , Kitchen & Dining
13679381 , Seasonal Dcor
510106 , Vacuums & Floor Care
1063278 , Home Dcor
3610841 , Storage & Organization
3736081 , Artwork
510240 , Irons & Steamers
1063306 , Furniture
10802561 , Cleaning Supplies
3206324011 , Heating, Cooling & Air Quality
3043471 , Snow Removal
553760 , Grills & Outdoor Cooking
553788 , Outdoor Dcor
13400641 , Outdoor Storage
553844 , Pest Control
3610851 , Gardening & Lawn Care
1272941011 , Pools, Hot Tubs & Supplies
551242 , Lawn Mowers & Outdoor Power Tools
2253417011 , Outdoor Kitchen Appliances & Storage
552808 , Generators & Portable Power
9001151011 , Outdoor Heaters & Accessories
553632 , Backyard Birding & Wildlife
361425011 , Picnic Baskets & Accessories
4619352011 , Farm & Ranch
14107611 , Fire Pits & Accessories
553824 , Patio Furniture & Accessories
253238011 , Large Print
254618011 , Science Fiction & Fantasy
1116172 , Medicine
602328 , Entertainment
1040158 , Spanish-Language
602350 , Literary Magazines & Journals
602360 , Pets
602322 , Children's
602320 , Business & Investing
254716011 , Transportation
602326 , Electronics & Audio
602324 , Computers & Internet
602348 , Lifestyle & Cultures
254105011 , Reference
602344 , Home & Garden
602346 , International Publications
602340 , Health, Mind & Body
602342 , History
602362 , Religion & Spirituality
254109011 , Regional Publications
16416041 , Newsletters
602366 , Sports & Leisure
602338 , Gay & Lesbian
602314 , Arts & Photography
602334 , Cooking, Food & Wine
1040160 , Newspapers
602318 , Brides & Weddings
602330 , Parenting & Families
252511011 , Education
602332 , Fashion & Style
769100 , Crafts & Hobbies
602368 , Teens
602358 , News & Politics
253352011 , Movies & Music
602370 , Travel & Regional
602372 , Women's Interest
602352 , Men's Interest
16014521 , Antiques & Collectibles
602364 , Science & Nature
602316 , Automotive
253359011 , Outdoors & Nature
1115660 , Professional & Trade
253239011 , Law
2478858011 , Novelty
2478875011 , Web Browsers
2478843011 , Entertainment
2478842011 , Education
2478867011 , Themes
2478862011 , Reference
2478845011 , Health & Fitness
2478860011 , Photography
3310683011 , Weather
2478869011 , Utilities
2478844011 , Games
2478859011 , Productivity
2478868011 , Travel
2478863011 , Ringtones
2478846011 , Kids
2478865011 , Social Networking
2478866011 , Sports
2478855011 , Navigation
2478847011 , Lifestyle
2478833011 , Books & Comics
2478839011 , Communication
3310778011 , News & Magazines
2478832011 , Finance
2478841011 , Cooking
2478840011 , City Info
2577638011 , Podcasts
2478849011 , Music
2478864011 , Shopping
2478861011 , Real Estate
11974521 , Microphones & Accessories
11973111 , Studio Recording Equipment
11971241 , Guitars
8882494011 , Amplifiers & Effects
405758011 , Band & Orchestra
8882497011 , Wind & Woodwind Instruments
11965871 , Instrument Accessories
11970241 , Drums & Percussion
405757011 , Live Sound & Stage
11969981 , Keyboards
11973881 , DJ, Electronic Music & Karaoke
11971311 , Bass Guitars
11971681 , Brass Instruments
8882493011 , Stringed Instruments
1069102 , Office Furniture & Lighting
172574 , Office Electronics
1069242 , Office & School Supplies
229548 , Children's
290542 , Video
5223262011 , Programming & Web Development
229624 , Lifestyle & Hobbies
229614 , Design & Illustration
229563 , Education & Reference
229545 , Tax Preparation
229672 , Utilities
229535 , Business & Office
229677 , Antivirus & Security
229621 , Photography
229637 , Networking & Servers
497022 , Music
5223260011 , Accounting & Finance
1294826011 , Games
229653 , Operating Systems
3407321 , Equestrian Sports
706808011 , Leisure Sports & Game Room
3407731 , Exercise & Fitness
2206626011 , Clothing
3410851 , Golf
706813011 , Hunting & Fishing
706814011 , Outdoor Gear
706809011 , Team Sports
2204518011 , Snow Sports
706810011 , Other Sports
706815011 , Paintball & Airsoft
706816011 , Racquet Sports
3403201 , Cycling
706812011 , Action Sports
3386071 , Fan Shop
3421331 , Boating & Water Sports
3394801 , Accessories
166027011 , Novelty & Gag Toys
165993011 , Action Figures & Statues
166461011 , Stuffed Animals & Plush
166269011 , Learning & Education
166092011 , Building Toys
1266203011 , Party Supplies
276729011 , Hobbies
166057011 , Arts & Crafts
166164011 , Electronics for Kids
8794716011 , Video Games
3226142011 , Grown-Up Toys
166359011 , Puzzles
166316011 , Dress Up & Pretend Play
166220011 , Games
166420011 , Sports & Outdoor Play
196601011 , Baby & Toddler Toys
166118011 , Dolls & Accessories
166508011 , Toy Remote Control & Play Vehicles
256994011 , Tricycles, Scooters & Wagons
166210011 , Kids' Furniture, Dcor & Storage
979455011 , Digital Games
14218901 , Wii
3010556011 , PlayStation Vita
229575 , PC
14210751 , PlayStation 3
6427814011 , PlayStation 4
11075831 , Nintendo DS
294940 , More Systems
3075112011 , Wii U
8946429011 , Fire TV
2622269011 , Nintendo 3DS
8400376011 , Kids & Family
6469269011 , Xbox One
11075221 , Sony PSP
229647 , Mac
14220161 , Xbox 360
